Model,AUC,F1,Precision,Recall
Logistic Regression,0.8474024128755586,0.5877061469265368,0.6689419795221843,0.5240641711229946
Random Forest,0.8156836911312616,0.0,0.0,0.0
XGBoost,0.8367020589526983,0.5805515239477503,0.6349206349206349,0.5347593582887701
